Code commune,Libellé commune,Code BV,Inscrits,Votants,% Votants,Abstentions,% Abstentions,Exprimés,% Exprimés/inscrits,% Exprimés/votants,Blancs,% Blancs/inscrits,% Blancs/votants,Nuls,% Nuls/inscrits,% Nuls/votants,Nuance liste 1,Voix 1,% Voix/inscrits 1,% Voix/exprimés 1,Nuance liste 2,Voix 2,% Voix/inscrits 2,% Voix/exprimés 2,Nuance liste 3,Voix 3,% Voix/inscrits 3,% Voix/exprimés 3,Nuance liste 4,Voix 4,% Voix/inscrits 4,% Voix/exprimés 4,codeBureauVote
62001,Ablain-Saint-Nazaire,0001,680,477,70.15,203,29.85,454,66.76,95.18,11,1.62,2.31,12,1.76,2.52,NA,158,23.24,34.8,NA,296,43.53,65.2,NA,NA,NA,NA,NA,NA,NA,NA,62001_0001
62001,Ablain-Saint-Nazaire,0002,824,584,70.87,240,29.13,552,66.99,94.52,20,2.43,3.42,12,1.46,2.05,NA,195,23.67,35.33,NA,357,43.33,64.67,NA,NA,NA,NA,NA,NA,NA,NA,62001_0002
62003,Acheville,0001,525,394,75.05,131,24.95,389,74.1,98.73,2,0.38,0.51,3,0.57,0.76,NA,239,45.52,61.44,NA,150,28.57,38.56,NA,NA,NA,NA,NA,NA,NA,NA,62003_0001
62019,Aix-Noulette,0001,951,639,67.19,312,32.81,619,65.09,96.87,10,1.05,1.56,10,1.05,1.56,LDVD,78,8.2,12.6,LDVG,328,34.49,52.99,LDVG,213,22.4,34.41,NA,NA,NA,NA,62019_0001
62019,Aix-Noulette,0002,927,649,70.01,278,29.99,620,66.88,95.53,21,2.27,3.24,8,0.86,1.23,LDVD,86,9.28,13.87,LDVG,310,33.44,50,LDVG,224,24.16,36.13,NA,NA,NA,NA,62019_0002
62019,Aix-Noulette,0003,1145,779,68.03,366,31.97,749,65.41,96.15,19,1.66,2.44,11,0.96,1.41,LDVD,76,6.64,10.15,LDVG,439,38.34,58.61,LDVG,234,20.44,31.24,NA,NA,NA,NA,62019_0003
62032,Angres,0001,951,687,72.24,264,27.76,659,69.3,95.92,13,1.37,1.89,15,1.58,2.18,LCOM,314,33.02,47.65,LDIV,345,36.28,52.35,NA,NA,NA,NA,NA,NA,NA,NA,62032_0001
62032,Angres,0002,841,586,69.68,255,30.32,574,68.25,97.95,5,0.59,0.85,7,0.83,1.19,LCOM,272,32.34,47.39,LDIV,302,35.91,52.61,NA,NA,NA,NA,NA,NA,NA,NA,62032_0002
62032,Angres,0003,856,552,64.49,304,35.51,540,63.08,97.83,8,0.93,1.45,4,0.47,0.72,LCOM,216,25.23,40,LDIV,324,37.85,60,NA,NA,NA,NA,NA,NA,NA,NA,62032_0003
62032,Angres,0004,776,502,64.69,274,35.31,483,62.24,96.22,3,0.39,0.6,16,2.06,3.19,LCOM,207,26.68,42.86,LDIV,276,35.57,57.14,NA,NA,NA,NA,NA,NA,NA,NA,62032_0004
62033,Annay,0001,1058,676,63.89,382,36.11,642,60.68,94.97,25,2.36,3.7,9,0.85,1.33,LDVG,146,13.8,22.74,LDVG,64,6.05,9.97,LDVG,174,16.45,27.1,LECO,258,24.39,40.19,62033_0001
62033,Annay,0002,1024,621,60.64,403,39.36,594,58.01,95.65,18,1.76,2.9,9,0.88,1.45,LDVG,131,12.79,22.05,LDVG,31,3.03,5.22,LDVG,171,16.7,28.79,LECO,261,25.49,43.94,62033_0002
62033,Annay,0003,1298,812,62.56,486,37.44,763,58.78,93.97,34,2.62,4.19,15,1.16,1.85,LDVG,155,11.94,20.31,LDVG,75,5.78,9.83,LDVG,222,17.1,29.1,LECO,311,23.96,40.76,62033_0003
62065,Avion,0001,1050,635,60.48,415,39.52,626,59.62,98.58,4,0.38,0.63,5,0.48,0.79,LRN,134,12.76,21.41,LFI,32,3.05,5.11,LUG,460,43.81,73.48,NA,NA,NA,NA,62065_0001
62065,Avion,0002,1166,716,61.41,450,38.59,700,60.03,97.77,5,0.43,0.7,11,0.94,1.54,LRN,158,13.55,22.57,LFI,30,2.57,4.29,LUG,512,43.91,73.14,NA,NA,NA,NA,62065_0002
62065,Avion,0003,951,482,50.68,469,49.32,477,50.16,98.96,1,0.11,0.21,4,0.42,0.83,LRN,95,9.99,19.92,LFI,55,5.78,11.53,LUG,327,34.38,68.55,NA,NA,NA,NA,62065_0003
62065,Avion,0004,1240,707,57.02,533,42.98,694,55.97,98.16,6,0.48,0.85,7,0.56,0.99,LRN,200,16.13,28.82,LFI,35,2.82,5.04,LUG,459,37.02,66.14,NA,NA,NA,NA,62065_0004
62065,Avion,0005,1268,741,58.44,527,41.56,732,57.73,98.79,4,0.32,0.54,5,0.39,0.67,LRN,188,14.83,25.68,LFI,57,4.5,7.79,LUG,487,38.41,66.53,NA,NA,NA,NA,62065_0005
62065,Avion,0006,1273,711,55.85,562,44.15,702,55.15,98.73,5,0.39,0.7,4,0.31,0.56,LRN,221,17.36,31.48,LFI,59,4.63,8.4,LUG,422,33.15,60.11,NA,NA,NA,NA,62065_0006
62065,Avion,0007,1115,630,56.5,485,43.5,617,55.34,97.94,8,0.72,1.27,5,0.45,0.79,LRN,195,17.49,31.6,LFI,35,3.14,5.67,LUG,387,34.71,62.72,NA,NA,NA,NA,62065_0007
62065,Avion,0008,830,468,56.39,362,43.61,458,55.18,97.86,7,0.84,1.5,3,0.36,0.64,LRN,118,14.22,25.76,LFI,20,2.41,4.37,LUG,320,38.55,69.87,NA,NA,NA,NA,62065_0008
62065,Avion,0009,920,537,58.37,383,41.63,526,57.17,97.95,5,0.54,0.93,6,0.65,1.12,LRN,125,13.59,23.76,LFI,35,3.8,6.65,LUG,366,39.78,69.58,NA,NA,NA,NA,62065_0009
62065,Avion,0010,1067,424,39.74,643,60.26,418,39.18,98.58,1,0.09,0.24,5,0.47,1.18,LRN,75,7.03,17.94,LFI,40,3.75,9.57,LUG,303,28.4,72.49,NA,NA,NA,NA,62065_0010
62065,Avion,0011,800,431,53.87,369,46.13,425,53.13,98.61,3,0.38,0.7,3,0.38,0.7,LRN,136,17,32,LFI,80,10,18.82,LUG,209,26.13,49.18,NA,NA,NA,NA,62065_0011
62065,Avion,0012,994,588,59.15,406,40.85,574,57.75,97.62,8,0.8,1.36,6,0.6,1.02,LRN,146,14.69,25.44,LFI,25,2.52,4.36,LUG,403,40.54,70.21,NA,NA,NA,NA,62065_0012
62107,Bénifontaine,0001,316,271,85.76,45,14.24,269,85.13,99.26,0,0,0,2,0.63,0.74,NA,176,55.7,65.43,NA,93,29.43,34.57,NA,NA,NA,NA,NA,NA,NA,NA,62107_0001
62133,Billy-Montigny,0001,872,459,52.64,413,47.36,445,51.03,96.95,10,1.15,2.18,4,0.46,0.87,LDVG,101,11.58,22.7,LRN,179,20.53,40.22,LCOM,165,18.92,37.08,NA,NA,NA,NA,62133_0001
62133,Billy-Montigny,0002,834,470,56.35,364,43.65,460,55.16,97.87,7,0.84,1.49,3,0.36,0.64,LDVG,107,12.83,23.26,LRN,173,20.74,37.61,LCOM,180,21.58,39.13,NA,NA,NA,NA,62133_0002
62133,Billy-Montigny,0003,792,520,65.66,272,34.34,518,65.4,99.62,2,0.25,0.38,0,0,0,LDVG,139,17.55,26.83,LRN,204,25.76,39.38,LCOM,175,22.1,33.78,NA,NA,NA,NA,62133_0003
62133,Billy-Montigny,0004,581,360,61.96,221,38.04,353,60.76,98.06,6,1.03,1.67,1,0.17,0.28,LDVG,60,10.33,17,LRN,171,29.43,48.44,LCOM,122,21,34.56,NA,NA,NA,NA,62133_0004
62133,Billy-Montigny,0005,836,506,60.53,330,39.47,493,58.97,97.43,5,0.6,0.99,8,0.96,1.58,LDVG,94,11.24,19.07,LRN,206,24.64,41.78,LCOM,193,23.09,39.15,NA,NA,NA,NA,62133_0005
62133,Billy-Montigny,0006,726,474,65.29,252,34.71,472,65.01,99.58,2,0.28,0.42,0,0,0,LDVG,62,8.54,13.14,LRN,222,30.58,47.03,LCOM,188,25.9,39.83,NA,NA,NA,NA,62133_0006
62133,Billy-Montigny,0007,654,402,61.47,252,38.53,395,60.4,98.26,6,0.92,1.49,1,0.15,0.25,LDVG,62,9.48,15.7,LRN,191,29.2,48.35,LCOM,142,21.71,35.95,NA,NA,NA,NA,62133_0007
62170,Bouvigny-Boyeffles,0001,997,565,56.67,432,43.33,518,51.96,91.68,22,2.21,3.89,25,2.51,4.42,NA,518,51.96,100,NA,NA,NA,NA,NA,NA,NA,NA,NA,NA,NA,NA,62170_0001
62170,Bouvigny-Boyeffles,0002,965,503,52.12,462,47.88,468,48.5,93.04,23,2.38,4.57,12,1.24,2.39,NA,468,48.5,100,NA,NA,NA,NA,NA,NA,NA,NA,NA,NA,NA,NA,62170_0002
62186,Bully-les-Mines,0001,990,564,56.97,426,43.03,555,56.06,98.4,6,0.61,1.06,3,0.3,0.53,LRN,167,16.87,30.09,LDIV,71,7.17,12.79,LSOC,317,32.02,57.12,NA,NA,NA,NA,62186_0001
62186,Bully-les-Mines,0002,1317,796,60.44,521,39.56,782,59.38,98.24,9,0.68,1.13,5,0.38,0.63,LRN,290,22.02,37.08,LDIV,84,6.38,10.74,LSOC,408,30.98,52.17,NA,NA,NA,NA,62186_0002
62186,Bully-les-Mines,0003,789,327,41.44,462,58.56,318,40.3,97.25,4,0.51,1.22,5,0.63,1.53,LRN,112,14.2,35.22,LDIV,31,3.93,9.75,LSOC,175,22.18,55.03,NA,NA,NA,NA,62186_0003
62186,Bully-les-Mines,0004,1034,528,51.06,506,48.94,515,49.81,97.54,7,0.68,1.33,6,0.58,1.14,LRN,204,19.73,39.61,LDIV,42,4.06,8.16,LSOC,269,26.02,52.23,NA,NA,NA,NA,62186_0004
62186,Bully-les-Mines,0005,1161,639,55.04,522,44.96,627,54.01,98.12,5,0.43,0.78,7,0.6,1.1,LRN,248,21.36,39.55,LDIV,132,11.37,21.05,LSOC,247,21.27,39.39,NA,NA,NA,NA,62186_0005
62186,Bully-les-Mines,0006,1164,675,57.99,489,42.01,663,56.96,98.22,6,0.52,0.89,6,0.52,0.89,LRN,213,18.3,32.13,LDIV,74,6.36,11.16,LSOC,376,32.3,56.71,NA,NA,NA,NA,62186_0006
62186,Bully-les-Mines,0007,1007,473,46.97,534,53.03,471,46.77,99.58,1,0.1,0.21,1,0.1,0.21,LRN,202,20.06,42.89,LDIV,61,6.06,12.95,LSOC,208,20.66,44.16,NA,NA,NA,NA,62186_0007
62186,Bully-les-Mines,0008,931,530,56.93,401,43.07,520,55.85,98.11,3,0.32,0.57,7,0.75,1.32,LRN,183,19.66,35.19,LDIV,79,8.49,15.19,LSOC,258,27.71,49.62,NA,NA,NA,NA,62186_0008
62186,Bully-les-Mines,0009,1023,560,54.74,463,45.26,548,53.57,97.86,4,0.39,0.71,8,0.78,1.43,LRN,152,14.86,27.74,LDIV,60,5.87,10.95,LSOC,336,32.84,61.31,NA,NA,NA,NA,62186_0009
62213,Carency,0001,666,373,56.01,293,43.99,335,50.3,89.81,26,3.9,6.97,12,1.8,3.22,NA,335,50.3,100,NA,NA,NA,NA,NA,NA,NA,NA,NA,NA,NA,NA,62213_0001
62291,Eleu-dit-Leauwette,0001,862,481,55.8,381,44.2,466,54.06,96.88,8,0.93,1.66,7,0.81,1.46,NA,157,18.21,33.69,NA,309,35.85,66.31,NA,NA,NA,NA,NA,NA,NA,NA,62291_0001
62291,Eleu-dit-Leauwette,0002,499,320,64.13,179,35.87,312,62.53,97.5,2,0.4,0.63,6,1.2,1.88,NA,128,25.65,41.03,NA,184,36.87,58.97,NA,NA,NA,NA,NA,NA,NA,NA,62291_0002
62291,Eleu-dit-Leauwette,0003,699,395,56.51,304,43.49,373,53.36,94.43,10,1.43,2.53,12,1.72,3.04,NA,155,22.17,41.55,NA,218,31.19,58.45,NA,NA,NA,NA,NA,NA,NA,NA,62291_0003
62311,Estevelles,0001,1673,1025,61.27,648,38.73,998,59.65,97.37,17,1.02,1.66,10,0.6,0.98,NA,191,11.42,19.14,NA,608,36.34,60.92,NA,199,11.89,19.94,NA,NA,NA,NA,62311_0001
62351,Fouquières-lès-Lens,0001,817,440,53.86,377,46.14,431,52.75,97.95,7,0.86,1.59,2,0.24,0.45,LDVG,116,14.2,26.91,LDVG,82,10.04,19.03,LUG,233,28.52,54.06,NA,NA,NA,NA,62351_0001
62351,Fouquières-lès-Lens,0002,756,452,59.79,304,40.21,418,55.29,92.48,19,2.51,4.2,15,1.98,3.32,LDVG,88,11.64,21.05,LDVG,105,13.89,25.12,LUG,225,29.76,53.83,NA,NA,NA,NA,62351_0002
62351,Fouquières-lès-Lens,0003,758,385,50.79,373,49.21,371,48.94,96.36,8,1.06,2.08,6,0.79,1.56,LDVG,118,15.57,31.81,LDVG,61,8.05,16.44,LUG,192,25.33,51.75,NA,NA,NA,NA,62351_0003
62351,Fouquières-lès-Lens,0004,739,368,49.8,371,50.2,356,48.17,96.74,7,0.95,1.9,5,0.68,1.36,LDVG,72,9.74,20.22,LDVG,95,12.86,26.69,LUG,189,25.58,53.09,NA,NA,NA,NA,62351_0004
62351,Fouquières-lès-Lens,0005,583,349,59.86,234,40.14,341,58.49,97.71,5,0.86,1.43,3,0.51,0.86,LDVG,98,16.81,28.74,LDVG,113,19.38,33.14,LUG,130,22.3,38.12,NA,NA,NA,NA,62351_0005
62351,Fouquières-lès-Lens,0006,650,431,66.31,219,33.69,421,64.77,97.68,4,0.62,0.93,6,0.92,1.39,LDVG,256,39.38,60.81,LDVG,36,5.54,8.55,LUG,129,19.85,30.64,NA,NA,NA,NA,62351_0006
62371,Givenchy-en-Gohelle,0001,669,436,65.17,233,34.83,353,52.77,80.96,45,6.73,10.32,38,5.68,8.72,NA,353,52.77,100,NA,NA,NA,NA,NA,NA,NA,NA,NA,NA,NA,NA,62371_0001
62371,Givenchy-en-Gohelle,0002,910,597,65.6,313,34.4,516,56.7,86.43,57,6.26,9.55,24,2.64,4.02,NA,516,56.7,100,NA,NA,NA,NA,NA,NA,NA,NA,NA,NA,NA,NA,62371_0002
62380,Gouy-Servins,0001,309,199,64.4,110,35.6,170,55.02,85.43,14,4.53,7.04,15,4.85,7.54,NA,170,55.02,100,NA,NA,NA,NA,NA,NA,NA,NA,NA,NA,NA,NA,62380_0001
62386,Grenay,0001,1124,687,61.12,437,38.88,669,59.52,97.38,9,0.8,1.31,9,0.8,1.31,LDVG,182,16.19,27.2,LCOM,258,22.95,38.57,LRN,229,20.37,34.23,NA,NA,NA,NA,62386_0001
62386,Grenay,0002,927,523,56.42,404,43.58,517,55.77,98.85,1,0.11,0.19,5,0.54,0.96,LDVG,175,18.88,33.85,LCOM,179,19.31,34.62,LRN,163,17.58,31.53,NA,NA,NA,NA,62386_0002
62386,Grenay,0003,952,498,52.31,454,47.69,491,51.58,98.59,4,0.42,0.8,3,0.32,0.6,LDVG,158,16.6,32.18,LCOM,175,18.38,35.64,LRN,158,16.6,32.18,NA,NA,NA,NA,62386_0003
62386,Grenay,0004,776,445,57.35,331,42.65,437,56.31,98.2,5,0.64,1.12,3,0.39,0.67,LDVG,127,16.37,29.06,LCOM,173,22.29,39.59,LRN,137,17.65,31.35,NA,NA,NA,NA,62386_0004
62386,Grenay,0005,881,534,60.61,347,39.39,525,59.59,98.31,4,0.45,0.75,5,0.57,0.94,LDVG,148,16.8,28.19,LCOM,150,17.03,28.57,LRN,227,25.77,43.24,NA,NA,NA,NA,62386_0005
62413,Harnes,0001,1067,623,58.39,444,41.61,609,57.08,97.75,9,0.84,1.44,5,0.47,0.8,LRN,309,28.96,50.74,LDVG,211,19.78,34.65,LDVG,89,8.34,14.61,NA,NA,NA,NA,62413_0001
62413,Harnes,0002,1012,544,53.75,468,46.25,539,53.26,99.08,1,0.1,0.18,4,0.4,0.74,LRN,269,26.58,49.91,LDVG,147,14.53,27.27,LDVG,123,12.15,22.82,NA,NA,NA,NA,62413_0002
62413,Harnes,0003,1051,637,60.61,414,39.39,621,59.09,97.49,10,0.95,1.57,6,0.57,0.94,LRN,347,33.02,55.88,LDVG,181,17.22,29.15,LDVG,93,8.85,14.98,NA,NA,NA,NA,62413_0003
62413,Harnes,0004,1090,682,62.57,408,37.43,666,61.1,97.65,4,0.37,0.59,12,1.1,1.76,LRN,324,29.72,48.65,LDVG,214,19.63,32.13,LDVG,128,11.74,19.22,NA,NA,NA,NA,62413_0004
62413,Harnes,0005,950,581,61.16,369,38.84,574,60.42,98.8,4,0.42,0.69,3,0.32,0.52,LRN,293,30.84,51.05,LDVG,174,18.32,30.31,LDVG,107,11.26,18.64,NA,NA,NA,NA,62413_0005
62413,Harnes,0006,765,477,62.35,288,37.65,465,60.78,97.48,7,0.92,1.47,5,0.65,1.05,LRN,238,31.11,51.18,LDVG,160,20.92,34.41,LDVG,67,8.76,14.41,NA,NA,NA,NA,62413_0006
62413,Harnes,0007,891,580,65.1,311,34.9,564,63.3,97.24,12,1.35,2.07,4,0.45,0.69,LRN,295,33.11,52.3,LDVG,168,18.86,29.79,LDVG,101,11.34,17.91,NA,NA,NA,NA,62413_0007
62413,Harnes,0008,945,566,59.89,379,40.11,556,58.84,98.23,8,0.85,1.41,2,0.21,0.35,LRN,261,27.62,46.94,LDVG,186,19.68,33.45,LDVG,109,11.53,19.6,NA,NA,NA,NA,62413_0008
62413,Harnes,0009,848,413,48.7,435,51.3,407,48,98.55,3,0.35,0.73,3,0.35,0.73,LRN,179,21.11,43.98,LDVG,117,13.8,28.75,LDVG,111,13.09,27.27,NA,NA,NA,NA,62413_0009
62464,Hulluch,0001,773,408,52.78,365,47.22,379,49.03,92.89,11,1.42,2.7,18,2.33,4.41,NA,379,49.03,100,NA,NA,NA,NA,NA,NA,NA,NA,NA,NA,NA,NA,62464_0001
62464,Hulluch,0002,1020,539,52.84,481,47.16,500,49.02,92.76,22,2.16,4.08,17,1.67,3.15,NA,500,49.02,100,NA,NA,NA,NA,NA,NA,NA,NA,NA,NA,NA,NA,62464_0002
62464,Hulluch,0003,915,365,39.89,550,60.11,336,36.72,92.05,23,2.51,6.3,6,0.66,1.64,NA,336,36.72,100,NA,NA,NA,NA,NA,NA,NA,NA,NA,NA,NA,NA,62464_0003
62498,Lens,0001,1069,561,52.48,508,47.52,539,50.42,96.08,16,1.5,2.85,6,0.56,1.07,LUG,274,25.63,50.83,LEXG,19,1.78,3.53,LRN,246,23.01,45.64,NA,NA,NA,NA,62498_0001
62498,Lens,0002,971,508,52.32,463,47.68,495,50.98,97.44,10,1.03,1.97,3,0.31,0.59,LUG,302,31.1,61.01,LEXG,25,2.57,5.05,LRN,168,17.3,33.94,NA,NA,NA,NA,62498_0002
62498,Lens,0003,1072,614,57.28,458,42.72,589,54.94,95.93,17,1.59,2.77,8,0.75,1.3,LUG,331,30.88,56.2,LEXG,19,1.77,3.23,LRN,239,22.29,40.58,NA,NA,NA,NA,62498_0003
62498,Lens,0004,1029,563,54.71,466,45.29,538,52.28,95.56,17,1.65,3.02,8,0.78,1.42,LUG,294,28.57,54.65,LEXG,20,1.94,3.72,LRN,224,21.77,41.64,NA,NA,NA,NA,62498_0004
62498,Lens,0005,964,515,53.42,449,46.58,504,52.28,97.86,9,0.93,1.75,2,0.21,0.39,LUG,273,28.32,54.17,LEXG,17,1.76,3.37,LRN,214,22.2,42.46,NA,NA,NA,NA,62498_0005
62498,Lens,0006,818,433,52.93,385,47.07,427,52.2,98.61,5,0.61,1.15,1,0.12,0.23,LUG,205,25.06,48.01,LEXG,17,2.08,3.98,LRN,205,25.06,48.01,NA,NA,NA,NA,62498_0006
62498,Lens,0007,844,474,56.16,370,43.84,467,55.33,98.52,4,0.47,0.84,3,0.36,0.63,LUG,229,27.13,49.04,LEXG,9,1.07,1.93,LRN,229,27.13,49.04,NA,NA,NA,NA,62498_0007
62498,Lens,0008,1074,542,50.47,532,49.53,535,49.81,98.71,6,0.56,1.11,1,0.09,0.18,LUG,259,24.12,48.41,LEXG,11,1.02,2.06,LRN,265,24.67,49.53,NA,NA,NA,NA,62498_0008
62498,Lens,0009,1107,520,46.97,587,53.03,510,46.07,98.08,6,0.54,1.15,4,0.36,0.77,LUG,221,19.96,43.33,LEXG,13,1.17,2.55,LRN,276,24.93,54.12,NA,NA,NA,NA,62498_0009
62498,Lens,0010,960,433,45.1,527,54.9,428,44.58,98.85,1,0.1,0.23,4,0.42,0.92,LUG,217,22.6,50.7,LEXG,8,0.83,1.87,LRN,203,21.15,47.43,NA,NA,NA,NA,62498_0010
62498,Lens,0011,948,469,49.47,479,50.53,453,47.78,96.59,9,0.95,1.92,7,0.74,1.49,LUG,247,26.05,54.53,LEXG,13,1.37,2.87,LRN,193,20.36,42.6,NA,NA,NA,NA,62498_0011
62498,Lens,0012,1071,539,50.33,532,49.67,528,49.3,97.96,8,0.75,1.48,3,0.28,0.56,LUG,283,26.42,53.6,LEXG,18,1.68,3.41,LRN,227,21.2,42.99,NA,NA,NA,NA,62498_0012
62498,Lens,0013,962,421,43.76,541,56.24,416,43.24,98.81,3,0.31,0.71,2,0.21,0.48,LUG,232,24.12,55.77,LEXG,10,1.04,2.4,LRN,174,18.09,41.83,NA,NA,NA,NA,62498_0013
62498,Lens,0014,1049,515,49.09,534,50.91,508,48.43,98.64,4,0.38,0.78,3,0.29,0.58,LUG,240,22.88,47.24,LEXG,15,1.43,2.95,LRN,253,24.12,49.8,NA,NA,NA,NA,62498_0014
62498,Lens,0015,1318,650,49.32,668,50.68,648,49.17,99.69,1,0.08,0.15,1,0.08,0.15,LUG,338,25.64,52.16,LEXG,12,0.91,1.85,LRN,298,22.61,45.99,NA,NA,NA,NA,62498_0015
62498,Lens,0016,837,369,44.09,468,55.91,362,43.25,98.1,7,0.84,1.9,0,0,0,LUG,184,21.98,50.83,LEXG,9,1.08,2.49,LRN,169,20.19,46.69,NA,NA,NA,NA,62498_0016
62498,Lens,0017,1026,588,57.31,438,42.69,575,56.04,97.79,11,1.07,1.87,2,0.19,0.34,LUG,261,25.44,45.39,LEXG,16,1.56,2.78,LRN,298,29.04,51.83,NA,NA,NA,NA,62498_0017
62498,Lens,0018,898,493,54.9,405,45.1,490,54.57,99.39,2,0.22,0.41,1,0.11,0.2,LUG,257,28.62,52.45,LEXG,7,0.78,1.43,LRN,226,25.17,46.12,NA,NA,NA,NA,62498_0018
62498,Lens,0019,1005,559,55.62,446,44.38,548,54.53,98.03,6,0.6,1.07,5,0.5,0.89,LUG,246,24.48,44.89,LEXG,16,1.59,2.92,LRN,286,28.46,52.19,NA,NA,NA,NA,62498_0019
62498,Lens,0020,1046,576,55.07,470,44.93,564,53.92,97.92,12,1.15,2.08,0,0,0,LUG,251,24,44.5,LEXG,8,0.76,1.42,LRN,305,29.16,54.08,NA,NA,NA,NA,62498_0020
62498,Lens,0021,1120,573,51.16,547,48.84,565,50.45,98.6,3,0.27,0.52,5,0.45,0.87,LUG,256,22.86,45.31,LEXG,21,1.88,3.72,LRN,288,25.71,50.97,NA,NA,NA,NA,62498_0021
62498,Lens,0022,1372,631,45.99,741,54.01,617,44.97,97.78,12,0.87,1.9,2,0.15,0.32,LUG,334,24.34,54.13,LEXG,13,0.95,2.11,LRN,270,19.68,43.76,NA,NA,NA,NA,62498_0022
62510,Liévin,0001,826,382,46.25,444,53.75,375,45.4,98.17,2,0.24,0.52,5,0.61,1.31,LEXG,9,1.09,2.4,LDVG,52,6.3,13.87,LRN,158,19.13,42.13,LUG,156,18.89,41.6,62510_0001
62510,Liévin,0002,853,434,50.88,419,49.12,423,49.59,97.47,9,1.06,2.07,2,0.23,0.46,LEXG,5,0.59,1.18,LDVG,67,7.85,15.84,LRN,181,21.22,42.79,LUG,170,19.93,40.19,62510_0002
62510,Liévin,0003,1374,795,57.86,579,42.14,784,57.06,98.62,7,0.51,0.88,4,0.29,0.5,LEXG,18,1.31,2.3,LDVG,113,8.22,14.41,LRN,362,26.35,46.17,LUG,291,21.18,37.12,62510_0003
62510,Liévin,0004,881,505,57.32,376,42.68,496,56.3,98.22,4,0.45,0.79,5,0.57,0.99,LEXG,16,1.82,3.23,LDVG,76,8.63,15.32,LRN,164,18.62,33.06,LUG,240,27.24,48.39,62510_0004
62510,Liévin,0005,883,461,52.21,422,47.79,456,51.64,98.92,2,0.23,0.43,3,0.34,0.65,LEXG,13,1.47,2.85,LDVG,65,7.36,14.25,LRN,185,20.95,40.57,LUG,193,21.86,42.32,62510_0005
62510,Liévin,0006,1085,609,56.13,476,43.87,601,55.39,98.69,3,0.28,0.49,5,0.46,0.82,LEXG,9,0.83,1.5,LDVG,101,9.31,16.81,LRN,213,19.63,35.44,LUG,278,25.62,46.26,62510_0006
62510,Liévin,0007,1294,556,42.97,738,57.03,545,42.12,98.02,7,0.54,1.26,4,0.31,0.72,LEXG,4,0.31,0.73,LDVG,53,4.1,9.72,LRN,250,19.32,45.87,LUG,238,18.39,43.67,62510_0007
62510,Liévin,0008,810,477,58.89,333,41.11,463,57.16,97.06,8,0.99,1.68,6,0.74,1.26,LEXG,4,0.49,0.86,LDVG,63,7.78,13.61,LRN,202,24.94,43.63,LUG,194,23.95,41.9,62510_0008
62510,Liévin,0009,1038,582,56.07,456,43.93,568,54.72,97.59,10,0.96,1.72,4,0.39,0.69,LEXG,18,1.73,3.17,LDVG,91,8.77,16.02,LRN,220,21.19,38.73,LUG,239,23.03,42.08,62510_0009
62510,Liévin,0010,880,509,57.84,371,42.16,500,56.82,98.23,6,0.68,1.18,3,0.34,0.59,LEXG,6,0.68,1.2,LDVG,79,8.98,15.8,LRN,198,22.5,39.6,LUG,217,24.66,43.4,62510_0010
62510,Liévin,0011,902,461,51.11,441,48.89,454,50.33,98.48,3,0.33,0.65,4,0.44,0.87,LEXG,9,1,1.98,LDVG,79,8.76,17.4,LRN,157,17.41,34.58,LUG,209,23.17,46.04,62510_0011
62510,Liévin,0012,695,319,45.9,376,54.1,312,44.89,97.81,6,0.86,1.88,1,0.14,0.31,LEXG,15,2.16,4.81,LDVG,44,6.33,14.1,LRN,117,16.83,37.5,LUG,136,19.57,43.59,62510_0012
62510,Liévin,0013,696,318,45.69,378,54.31,308,44.25,96.86,4,0.57,1.26,6,0.86,1.89,LEXG,10,1.44,3.25,LDVG,35,5.03,11.36,LRN,127,18.25,41.23,LUG,136,19.54,44.16,62510_0013
62510,Liévin,0014,756,425,56.22,331,43.78,416,55.03,97.88,6,0.79,1.41,3,0.4,0.71,LEXG,6,0.79,1.44,LDVG,64,8.47,15.38,LRN,190,25.13,45.67,LUG,156,20.63,37.5,62510_0014
62510,Liévin,0015,311,167,53.7,144,46.3,166,53.38,99.4,0,0,0,1,0.32,0.6,LEXG,6,1.93,3.61,LDVG,26,8.36,15.66,LRN,50,16.08,30.12,LUG,84,27.01,50.6,62510_0015
62510,Liévin,0016,738,332,44.99,406,55.01,329,44.58,99.1,1,0.14,0.3,2,0.27,0.6,LEXG,11,1.49,3.34,LDVG,43,5.83,13.07,LRN,129,17.48,39.21,LUG,146,19.78,44.38,62510_0016
62510,Liévin,0017,486,233,47.94,253,52.06,228,46.91,97.85,5,1.03,2.15,0,0,0,LEXG,6,1.23,2.63,LDVG,29,5.97,12.72,LRN,83,17.08,36.4,LUG,110,22.63,48.25,62510_0017
62510,Liévin,0018,639,336,52.58,303,47.42,331,51.8,98.51,5,0.78,1.49,0,0,0,LEXG,9,1.41,2.72,LDVG,56,8.76,16.92,LRN,109,17.06,32.93,LUG,157,24.57,47.43,62510_0018
62510,Liévin,0019,601,340,56.57,261,43.43,327,54.41,96.18,4,0.67,1.18,9,1.5,2.65,LEXG,8,1.33,2.45,LDVG,61,10.15,18.65,LRN,115,19.13,35.17,LUG,143,23.79,43.73,62510_0019
62510,Liévin,0020,935,553,59.14,382,40.86,542,57.97,98.01,7,0.75,1.27,4,0.43,0.72,LEXG,9,0.96,1.66,LDVG,87,9.3,16.05,LRN,236,25.24,43.54,LUG,210,22.46,38.75,62510_0020
62510,Liévin,0021,648,304,46.91,344,53.09,299,46.14,98.36,1,0.15,0.33,4,0.62,1.32,LEXG,6,0.93,2.01,LDVG,27,4.17,9.03,LRN,142,21.91,47.49,LUG,124,19.14,41.47,62510_0021
62510,Liévin,0022,593,331,55.82,262,44.18,322,54.3,97.28,4,0.67,1.21,5,0.84,1.51,LEXG,7,1.18,2.17,LDVG,55,9.27,17.08,LRN,114,19.22,35.4,LUG,146,24.62,45.34,62510_0022
62510,Liévin,0023,824,425,51.58,399,48.42,420,50.97,98.82,4,0.49,0.94,1,0.12,0.24,LEXG,18,2.18,4.29,LDVG,86,10.44,20.48,LRN,147,17.84,35,LUG,169,20.51,40.24,62510_0023
62510,Liévin,0024,1012,608,60.08,404,39.92,597,58.99,98.19,8,0.79,1.32,3,0.3,0.49,LEXG,12,1.19,2.01,LDVG,115,11.36,19.26,LRN,163,16.11,27.3,LUG,307,30.34,51.42,62510_0024
62510,Liévin,0025,827,468,56.59,359,43.41,455,55.02,97.22,7,0.85,1.5,6,0.73,1.28,LEXG,17,2.06,3.74,LDVG,71,8.59,15.6,LRN,153,18.5,33.63,LUG,214,25.88,47.03,62510_0025
62510,Liévin,0026,721,457,63.38,264,36.62,443,61.44,96.94,9,1.25,1.97,5,0.69,1.09,LEXG,12,1.66,2.71,LDVG,94,13.04,21.22,LRN,129,17.89,29.12,LUG,208,28.85,46.95,62510_0026
62523,Loison-sous-Lens,0001,911,562,61.69,349,38.31,554,60.81,98.58,4,0.44,0.71,4,0.44,0.71,LDVG,287,31.5,51.81,LRN,267,29.31,48.19,NA,NA,NA,NA,NA,NA,NA,NA,62523_0001
62523,Loison-sous-Lens,0002,896,505,56.36,391,43.64,491,54.8,97.23,6,0.67,1.19,8,0.89,1.58,LDVG,234,26.12,47.66,LRN,257,28.68,52.34,NA,NA,NA,NA,NA,NA,NA,NA,62523_0002
62523,Loison-sous-Lens,0003,901,570,63.26,331,36.74,546,60.6,95.79,15,1.66,2.63,9,1,1.58,LDVG,244,27.08,44.69,LRN,302,33.52,55.31,NA,NA,NA,NA,NA,NA,NA,NA,62523_0003
62523,Loison-sous-Lens,0004,1138,669,58.79,469,41.21,652,57.29,97.46,11,0.97,1.64,6,0.53,0.9,LDVG,346,30.4,53.07,LRN,306,26.89,46.93,NA,NA,NA,NA,NA,NA,NA,NA,62523_0004
62528,Loos-en-Gohelle,0001,1248,638,51.12,610,48.88,558,44.71,87.46,43,3.45,6.74,37,2.96,5.8,LECO,558,44.71,100,NA,NA,NA,NA,NA,NA,NA,NA,NA,NA,NA,NA,62528_0001
62528,Loos-en-Gohelle,0002,1039,446,42.93,593,57.07,372,35.8,83.41,24,2.31,5.38,50,4.81,11.21,LECO,372,35.8,100,NA,NA,NA,NA,NA,NA,NA,NA,NA,NA,NA,NA,62528_0002
62528,Loos-en-Gohelle,0003,1016,385,37.89,631,62.11,342,33.66,88.83,25,2.46,6.49,18,1.77,4.68,LECO,342,33.66,100,NA,NA,NA,NA,NA,NA,NA,NA,NA,NA,NA,NA,62528_0003
62528,Loos-en-Gohelle,0004,1117,471,42.17,646,57.83,404,36.17,85.77,45,4.03,9.55,22,1.97,4.67,LECO,404,36.17,100,NA,NA,NA,NA,NA,NA,NA,NA,NA,NA,NA,NA,62528_0004
62528,Loos-en-Gohelle,0005,1015,505,49.75,510,50.25,433,42.66,85.74,24,2.36,4.75,48,4.73,9.5,LECO,433,42.66,100,NA,NA,NA,NA,NA,NA,NA,NA,NA,NA,NA,NA,62528_0005
62563,Mazingarbe,0001,863,397,46,466,54,364,42.18,91.69,19,2.2,4.79,14,1.62,3.53,LDVG,364,42.18,100,NA,NA,NA,NA,NA,NA,NA,NA,NA,NA,NA,NA,62563_0001
62563,Mazingarbe,0002,726,269,37.05,457,62.95,232,31.96,86.25,20,2.75,7.43,17,2.34,6.32,LDVG,232,31.96,100,NA,NA,NA,NA,NA,NA,NA,NA,NA,NA,NA,NA,62563_0002
62563,Mazingarbe,0003,760,292,38.42,468,61.58,258,33.95,88.36,25,3.29,8.56,9,1.18,3.08,LDVG,258,33.95,100,NA,NA,NA,NA,NA,NA,NA,NA,NA,NA,NA,NA,62563_0003
62563,Mazingarbe,0004,758,291,38.39,467,61.61,241,31.79,82.82,39,5.15,13.4,11,1.45,3.78,LDVG,241,31.79,100,NA,NA,NA,NA,NA,NA,NA,NA,NA,NA,NA,NA,62563_0004
62563,Mazingarbe,0005,759,372,49.01,387,50.99,338,44.53,90.86,16,2.11,4.3,18,2.37,4.84,LDVG,338,44.53,100,NA,NA,NA,NA,NA,NA,NA,NA,NA,NA,NA,NA,62563_0005
62563,Mazingarbe,0006,882,371,42.06,511,57.94,347,39.34,93.53,14,1.59,3.77,10,1.13,2.7,LDVG,347,39.34,100,NA,NA,NA,NA,NA,NA,NA,NA,NA,NA,NA,NA,62563_0006
62563,Mazingarbe,0007,1023,537,52.49,486,47.51,476,46.53,88.64,26,2.54,4.84,35,3.42,6.52,LDVG,476,46.53,100,NA,NA,NA,NA,NA,NA,NA,NA,NA,NA,NA,NA,62563_0007
62570,Méricourt,0001,1230,755,61.38,475,38.62,739,60.08,97.88,8,0.65,1.06,8,0.65,1.06,LRN,300,24.39,40.6,LCOM,439,35.69,59.4,NA,NA,NA,NA,NA,NA,NA,NA,62570_0001
62570,Méricourt,0002,981,542,55.25,439,44.75,526,53.62,97.05,14,1.43,2.58,2,0.2,0.37,LRN,220,22.43,41.83,LCOM,306,31.19,58.17,NA,NA,NA,NA,NA,NA,NA,NA,62570_0002
62570,Méricourt,0003,1069,609,56.97,460,43.03,597,55.85,98.03,6,0.56,0.99,6,0.56,0.99,LRN,262,24.51,43.89,LCOM,335,31.34,56.11,NA,NA,NA,NA,NA,NA,NA,NA,62570_0003
62570,Méricourt,0004,1312,798,60.82,514,39.18,780,59.45,97.74,14,1.07,1.75,4,0.3,0.5,LRN,313,23.86,40.13,LCOM,467,35.59,59.87,NA,NA,NA,NA,NA,NA,NA,NA,62570_0004
62570,Méricourt,0005,1198,722,60.27,476,39.73,701,58.51,97.09,17,1.42,2.35,4,0.33,0.55,LRN,320,26.71,45.65,LCOM,381,31.8,54.35,NA,NA,NA,NA,NA,NA,NA,NA,62570_0005
62570,Méricourt,0006,995,518,52.06,477,47.94,510,51.26,98.46,5,0.5,0.97,3,0.3,0.58,LRN,209,21.01,40.98,LCOM,301,30.25,59.02,NA,NA,NA,NA,NA,NA,NA,NA,62570_0006
62570,Méricourt,0007,856,449,52.45,407,47.55,447,52.22,99.55,1,0.12,0.22,1,0.12,0.22,LRN,196,22.9,43.85,LCOM,251,29.32,56.15,NA,NA,NA,NA,NA,NA,NA,NA,62570_0007
62570,Méricourt,0008,1203,658,54.7,545,45.3,640,53.2,97.26,11,0.91,1.67,7,0.58,1.06,LRN,297,24.69,46.41,LCOM,343,28.51,53.59,NA,NA,NA,NA,NA,NA,NA,NA,62570_0008
62573,Meurchin,0001,1021,594,58.18,427,41.82,556,54.46,93.6,31,3.04,5.22,7,0.69,1.18,LDVG,178,17.43,32.01,LDVG,378,37.02,67.99,NA,NA,NA,NA,NA,NA,NA,NA,62573_0001
62573,Meurchin,0002,947,486,51.32,461,48.68,447,47.2,91.98,23,2.43,4.73,16,1.69,3.29,LDVG,161,17,36.02,LDVG,286,30.2,63.98,NA,NA,NA,NA,NA,NA,NA,NA,62573_0002
62573,Meurchin,0003,989,530,53.59,459,46.41,498,50.35,93.96,18,1.82,3.4,14,1.42,2.64,LDVG,147,14.86,29.52,LDVG,351,35.49,70.48,NA,NA,NA,NA,NA,NA,NA,NA,62573_0003
62628,Noyelles-sous-Lens,0001,873,500,57.27,373,42.73,490,56.13,98,6,0.69,1.2,4,0.46,0.8,LDVG,393,45.02,80.2,LDVG,97,11.11,19.8,NA,NA,NA,NA,NA,NA,NA,NA,62628_0001
62628,Noyelles-sous-Lens,0002,753,338,44.89,415,55.11,333,44.22,98.52,4,0.53,1.18,1,0.13,0.3,LDVG,259,34.4,77.78,LDVG,74,9.83,22.22,NA,NA,NA,NA,NA,NA,NA,NA,62628_0002
62628,Noyelles-sous-Lens,0003,919,514,55.93,405,44.07,479,52.12,93.19,21,2.29,4.09,14,1.52,2.72,LDVG,340,37,70.98,LDVG,139,15.13,29.02,NA,NA,NA,NA,NA,NA,NA,NA,62628_0003
62628,Noyelles-sous-Lens,0004,706,361,51.13,345,48.87,347,49.15,96.12,9,1.27,2.49,5,0.71,1.39,LDVG,267,37.82,76.95,LDVG,80,11.33,23.05,NA,NA,NA,NA,NA,NA,NA,NA,62628_0004
62628,Noyelles-sous-Lens,0005,669,346,51.72,323,48.28,333,49.78,96.24,8,1.2,2.31,5,0.75,1.45,LDVG,270,40.36,81.08,LDVG,63,9.42,18.92,NA,NA,NA,NA,NA,NA,NA,NA,62628_0005
62628,Noyelles-sous-Lens,0006,721,419,58.11,302,41.89,393,54.51,93.79,17,2.36,4.06,9,1.25,2.15,LDVG,306,42.44,77.86,LDVG,87,12.07,22.14,NA,NA,NA,NA,NA,NA,NA,NA,62628_0006
62666,Pont-à-Vendin,0001,965,693,71.81,272,28.19,682,70.67,98.41,4,0.41,0.58,7,0.73,1.01,NA,208,21.55,30.5,NA,95,9.84,13.93,NA,235,24.35,34.46,NA,144,14.92,21.11,62666_0001
62666,Pont-à-Vendin,0002,1065,676,63.47,389,36.53,664,62.35,98.22,8,0.75,1.18,4,0.38,0.59,NA,191,17.93,28.77,NA,96,9.01,14.46,NA,248,23.29,37.35,NA,129,12.11,19.43,62666_0002
62737,Sains-en-Gohelle,0001,903,438,48.5,465,51.5,418,46.29,95.43,12,1.33,2.74,8,0.89,1.83,LDVD,132,14.62,31.58,LDVG,286,31.67,68.42,NA,NA,NA,NA,NA,NA,NA,NA,62737_0001
62737,Sains-en-Gohelle,0002,731,402,54.99,329,45.01,387,52.94,96.27,9,1.23,2.24,6,0.82,1.49,LDVD,137,18.74,35.4,LDVG,250,34.2,64.6,NA,NA,NA,NA,NA,NA,NA,NA,62737_0002
62737,Sains-en-Gohelle,0003,963,573,59.5,390,40.5,545,56.59,95.11,17,1.77,2.97,11,1.14,1.92,LDVD,200,20.77,36.7,LDVG,345,35.83,63.3,NA,NA,NA,NA,NA,NA,NA,NA,62737_0003
62737,Sains-en-Gohelle,0004,977,559,57.22,418,42.78,526,53.84,94.1,22,2.25,3.94,11,1.13,1.97,LDVD,154,15.76,29.28,LDVG,372,38.08,70.72,NA,NA,NA,NA,NA,NA,NA,NA,62737_0004
62737,Sains-en-Gohelle,0005,537,267,49.72,270,50.28,261,48.6,97.75,3,0.56,1.12,3,0.56,1.12,LDVD,91,16.95,34.87,LDVG,170,31.66,65.13,NA,NA,NA,NA,NA,NA,NA,NA,62737_0005
62737,Sains-en-Gohelle,0006,600,295,49.17,305,50.83,286,47.67,96.95,7,1.17,2.37,2,0.33,0.68,LDVD,86,14.33,30.07,LDVG,200,33.33,69.93,NA,NA,NA,NA,NA,NA,NA,NA,62737_0006
62771,Sallaumines,0001,835,425,50.9,410,49.1,406,48.62,95.53,8,0.96,1.88,11,1.32,2.59,LCOM,283,33.89,69.7,LDIV,123,14.73,30.3,NA,NA,NA,NA,NA,NA,NA,NA,62771_0001
62771,Sallaumines,0002,785,390,49.68,395,50.32,375,47.77,96.15,11,1.4,2.82,4,0.51,1.03,LCOM,234,29.81,62.4,LDIV,141,17.96,37.6,NA,NA,NA,NA,NA,NA,NA,NA,62771_0002
62771,Sallaumines,0003,576,269,46.7,307,53.3,259,44.97,96.28,6,1.04,2.23,4,0.69,1.49,LCOM,180,31.25,69.5,LDIV,79,13.72,30.5,NA,NA,NA,NA,NA,NA,NA,NA,62771_0003
62771,Sallaumines,0004,834,404,48.44,430,51.56,390,46.76,96.53,8,0.96,1.98,6,0.72,1.49,LCOM,258,30.94,66.15,LDIV,132,15.83,33.85,NA,NA,NA,NA,NA,NA,NA,NA,62771_0004
62771,Sallaumines,0005,786,397,50.51,389,49.49,381,48.47,95.97,0,0,0,16,2.04,4.03,LCOM,251,31.93,65.88,LDIV,130,16.54,34.12,NA,NA,NA,NA,NA,NA,NA,NA,62771_0005
62771,Sallaumines,0006,860,460,53.49,400,46.51,436,50.7,94.78,13,1.51,2.83,11,1.28,2.39,LCOM,278,32.33,63.76,LDIV,158,18.37,36.24,NA,NA,NA,NA,NA,NA,NA,NA,62771_0006
62771,Sallaumines,0007,853,334,39.16,519,60.84,324,37.98,97.01,4,0.47,1.2,6,0.7,1.8,LCOM,231,27.08,71.3,LDIV,93,10.9,28.7,NA,NA,NA,NA,NA,NA,NA,NA,62771_0007
62771,Sallaumines,0008,761,365,47.96,396,52.04,346,45.47,94.79,13,1.71,3.56,6,0.79,1.64,LCOM,196,25.76,56.65,LDIV,150,19.71,43.35,NA,NA,NA,NA,NA,NA,NA,NA,62771_0008
62793,Servins,0001,839,511,60.91,328,39.09,407,48.51,79.65,44,5.24,8.61,60,7.15,11.74,NA,407,48.51,100,NA,NA,NA,NA,NA,NA,NA,NA,NA,NA,NA,NA,62793_0001
62801,Souchez,0001,999,548,54.85,451,45.15,459,45.95,83.76,53,5.31,9.67,36,3.6,6.57,NA,459,45.95,100,NA,NA,NA,NA,NA,NA,NA,NA,NA,NA,NA,NA,62801_0001
62801,Souchez,0002,1195,634,53.05,561,46.95,511,42.76,80.6,50,4.18,7.89,73,6.11,11.51,NA,511,42.76,100,NA,NA,NA,NA,NA,NA,NA,NA,NA,NA,NA,NA,62801_0002
62842,Vendin-le-Vieil,0001,1066,649,60.88,417,39.12,628,58.91,96.76,13,1.22,2,8,0.75,1.23,LDVG,446,41.84,71.02,LDIV,182,17.07,28.98,NA,NA,NA,NA,NA,NA,NA,NA,62842_0001
62842,Vendin-le-Vieil,0002,1054,603,57.21,451,42.79,580,55.03,96.19,12,1.14,1.99,11,1.04,1.82,LDVG,412,39.09,71.03,LDIV,168,15.94,28.97,NA,NA,NA,NA,NA,NA,NA,NA,62842_0002
62842,Vendin-le-Vieil,0003,944,491,52.01,453,47.99,477,50.53,97.15,11,1.17,2.24,3,0.32,0.61,LDVG,329,34.85,68.97,LDIV,148,15.68,31.03,NA,NA,NA,NA,NA,NA,NA,NA,62842_0003
62842,Vendin-le-Vieil,0004,1048,635,60.59,413,39.41,618,58.97,97.32,11,1.05,1.73,6,0.57,0.94,LDVG,419,39.98,67.8,LDIV,199,18.99,32.2,NA,NA,NA,NA,NA,NA,NA,NA,62842_0004
62842,Vendin-le-Vieil,0005,897,415,46.27,482,53.73,408,45.48,98.31,4,0.45,0.96,3,0.33,0.72,LDVG,300,33.44,73.53,LDIV,108,12.04,26.47,NA,NA,NA,NA,NA,NA,NA,NA,62842_0005
62842,Vendin-le-Vieil,0006,842,476,56.53,366,43.47,461,54.75,96.85,9,1.07,1.89,6,0.71,1.26,LDVG,295,35.04,63.99,LDIV,166,19.71,36.01,NA,NA,NA,NA,NA,NA,NA,NA,62842_0006
62854,Villers-au-Bois,0001,436,261,59.86,175,40.14,214,49.08,81.99,31,7.11,11.88,16,3.67,6.13,NA,214,49.08,100,NA,NA,NA,NA,NA,NA,NA,NA,NA,NA,NA,NA,62854_0001
62861,Vimy,0001,851,530,62.28,321,37.72,508,59.69,95.85,11,1.29,2.08,11,1.29,2.08,LDIV,160,18.8,31.5,LDIV,348,40.89,68.5,NA,NA,NA,NA,NA,NA,NA,NA,62861_0001
62861,Vimy,0002,845,523,61.89,322,38.11,496,58.7,94.84,17,2.01,3.25,10,1.18,1.91,LDIV,168,19.88,33.87,LDIV,328,38.82,66.13,NA,NA,NA,NA,NA,NA,NA,NA,62861_0002
62861,Vimy,0003,905,637,70.39,268,29.61,608,67.18,95.45,20,2.21,3.14,9,0.99,1.41,LDIV,171,18.9,28.13,LDIV,437,48.29,71.88,NA,NA,NA,NA,NA,NA,NA,NA,62861_0003
62861,Vimy,0004,807,503,62.33,304,37.67,485,60.1,96.42,2,0.25,0.4,16,1.98,3.18,LDIV,147,18.22,30.31,LDIV,338,41.88,69.69,NA,NA,NA,NA,NA,NA,NA,NA,62861_0004
62895,Wingles,0001,899,516,57.4,383,42.6,510,56.73,98.84,3,0.33,0.58,3,0.33,0.58,LDVG,277,30.81,54.31,LRN,183,20.36,35.88,LDVG,50,5.56,9.8,NA,NA,NA,NA,62895_0001
62895,Wingles,0002,1042,575,55.18,467,44.82,567,54.41,98.61,5,0.48,0.87,3,0.29,0.52,LDVG,270,25.91,47.62,LRN,243,23.32,42.86,LDVG,54,5.18,9.52,NA,NA,NA,NA,62895_0002
62895,Wingles,0003,1182,613,51.86,569,48.14,606,51.27,98.86,3,0.25,0.49,4,0.34,0.65,LDVG,290,24.53,47.85,LRN,246,20.81,40.59,LDVG,70,5.92,11.55,NA,NA,NA,NA,62895_0003
62895,Wingles,0004,1047,574,54.82,473,45.18,563,53.77,98.08,5,0.48,0.87,6,0.57,1.05,LDVG,304,29.04,54,LRN,211,20.15,37.48,LDVG,48,4.58,8.53,NA,NA,NA,NA,62895_0004
62895,Wingles,0005,1271,689,54.21,582,45.79,677,53.27,98.26,11,0.87,1.6,1,0.08,0.15,LDVG,357,28.09,52.73,LRN,280,22.03,41.36,LDVG,40,3.15,5.91,NA,NA,NA,NA,62895_0005
62895,Wingles,0006,1046,534,51.05,512,48.95,521,49.81,97.57,6,0.57,1.12,7,0.67,1.31,LDVG,251,24,48.18,LRN,216,20.65,41.46,LDVG,54,5.16,10.36,NA,NA,NA,NA,62895_0006
